source_id,ra,ra_error,dec,dec_error,parallax,parallax_error,phot_g_mean_mag,bp_rp,radial_velocity,radial_velocity_error,phot_variable_flag,teff_val,a_g_val
1.14947E+18,124.1608796,0.590350812,85.04476372,0.751269061,0.164300896,0.651758838,20.606571,1.6276608,,,NOT_AVAILABLE,,
1.14947E+18,124.921099,0.13236605,85.05588249,0.168136587,0.874450902,0.152939679,18.634851,1.7477417,,,NOT_AVAILABLE,,
1.14952E+18,122.4805303,0.823243374,85.20616294,1.129718304,1.394325301,1.380605634,20.822735,1.439661,,,NOT_AVAILABLE,,
1.14952E+18,123.5853602,1.590210045,85.18452342,2.129931692,,,20.98759,1.4226303,,,NOT_AVAILABLE,,
1.14949E+18,119.9559096,0.541714633,85.04925909,0.606311497,1.295158706,0.712505631,20.480934,1.4393196,,,NOT_AVAILABLE,,
1.14947E+18,124.7528534,0.173884548,85.18595693,0.212237246,0.568041393,0.205899586,19.090387,1.6767769,,,NOT_AVAILABLE,,
1.14953E+18,117.9614285,0.841565646,85.24343471,1.113442283,1.762711461,1.153328663,20.695724,,,,NOT_AVAILABLE,,
1.14947E+18,125.1032104,0.026329176,85.14836618,0.030978944,2.317349101,0.029512598,15.663475,1.7047501,,,NOT_AVAILABLE,4444.7036,0.438
1.14947E+18,125.2311021,0.728187886,85.1572298,1.146092657,-0.310268759,0.732779868,20.70037,1.0844078,,,NOT_AVAILABLE,,
1.14953E+18,119.7378481,0.191159629,85.26046533,0.226399508,0.195835535,0.253151494,19.03034,0.8576851,,,NOT_AVAILABLE,,
1.14953E+18,119.2079383,7.113725205,85.1880792,3.824801118,,,21.043121,,,,NOT_AVAILABLE,,
1.1495E+18,116.6654117,0.026711708,85.01694454,0.035981913,1.393784738,0.037944555,15.757305,1.2881002,,,NOT_AVAILABLE,4976,0.216
1.14952E+18,123.3617354,0.055765821,85.18219242,0.064167396,0.29035161,0.063832664,17.116821,0.794178,,,NOT_AVAILABLE,,
1.14947E+18,125.7907869,0.072403565,85.07792412,0.079237678,1.489659447,0.078989435,17.556385,2.1360836,,,NOT_AVAILABLE,,
1.14947E+18,125.0020107,0.019899446,85.05586757,0.021660486,2.297548144,0.020515435,12.854992,0.8121433,-4.656207922,2.230085786,NOT_AVAILABLE,5818,0.111
1.1495E+18,116.6552408,0.016425006,85.00976472,0.022385712,0.785228752,0.0236372,14.444687,0.8442087,,,NOT_AVAILABLE,5785.5,0.628
1.14953E+18,118.6237571,0.189006837,85.21880351,0.260571791,1.834210411,0.274242853,19.177845,2.4255772,,,NOT_AVAILABLE,,
1.14952E+18,122.9853606,0.102567172,85.15803319,0.127273899,0.539016679,0.124758459,18.282463,1.0443687,,,NOT_AVAILABLE,,
1.14954E+18,120.1861489,1.115214758,85.33569033,1.482205148,2.303483014,1.718594738,20.931292,1.149044,,,NOT_AVAILABLE,,
1.14947E+18,124.938916,0.242431299,85.13265522,0.314488901,0.919548355,0.29339517,19.494524,2.3667965,,,NOT_AVAILABLE,,
1.14947E+18,125.1919365,0.189805768,85.17947035,0.239789192,0.930406857,0.222419476,19.20152,1.9635639,,,NOT_AVAILABLE,,
1.14953E+18,118.9678741,0.474981036,85.33396849,0.650534096,2.297719532,0.690961497,20.500435,1.1692524,,,NOT_AVAILABLE,,
1.14951E+18,122.5713081,1.287650462,85.0653046,1.773443839,,,20.944801,1.8604965,,,NOT_AVAILABLE,,
1.14952E+18,123.1805834,0.693896778,85.27951382,1.209089782,1.399025818,0.961069381,20.883053,2.7825336,,,NOT_AVAILABLE,,
1.14954E+18,120.4241955,0.521551541,85.42768066,0.657418262,0.415790038,0.739406459,20.34916,1.4250565,,,NOT_AVAILABLE,,
1.14951E+18,118.6679809,0.205048237,85.13083675,0.30381915,1.272747067,0.279033092,19.399414,2.1973305,,,NOT_AVAILABLE,,
1.14951E+18,123.0931309,0.107508964,85.06341931,0.134136499,0.339396448,0.132364423,18.365595,0.3485012,,,NOT_AVAILABLE,,
1.1495E+18,116.3843472,0.050265054,85.00564867,0.071343077,0.129714088,0.072528722,17.011951,0.83870125,,,NOT_AVAILABLE,5780,0.567
1.14952E+18,121.6063078,0.145033198,85.07648732,0.176322521,0.796366808,0.19027868,18.904774,1.9218693,,,NOT_AVAILABLE,,
1.14954E+18,120.2764802,0.306372735,85.51800185,0.385963076,0.746902251,0.4324819,19.859251,1.7256718,,,NOT_AVAILABLE,,
1.14947E+18,125.5142171,0.881088456,85.04967093,1.052040397,0.806076067,0.783759619,20.761051,0.92713165,,,NOT_AVAILABLE,,
1.14954E+18,120.254629,0.370160357,85.5040696,0.449050014,2.339554232,0.491487321,20.041798,2.9460697,,,NOT_AVAILABLE,,
1.14954E+18,120.1225921,1.0467514,85.59152174,1.082598947,2.162058638,1.403174704,20.838303,1.8975487,,,NOT_AVAILABLE,,
1.14951E+18,117.2750495,0.589315166,85.07041137,0.612266272,1.23816542,0.680523133,20.369692,1.1654091,,,NOT_AVAILABLE,,
1.14947E+18,124.9444579,0.226990619,85.15944782,0.304354491,1.635214111,0.273950486,19.363983,2.6452332,,,NOT_AVAILABLE,,
1.14947E+18,125.9228275,0.167097359,85.10932384,0.191741038,0.613867115,0.189230009,18.939503,1.2498055,,,NOT_AVAILABLE,,
1.14953E+18,118.8951229,0.214830689,85.27654715,0.281524839,0.788509878,0.307584232,19.516865,1.5902958,,,NOT_AVAILABLE,,
1.14947E+18,125.557451,0.232943721,85.10956036,0.265077896,0.102992101,0.253950098,19.166386,0.77508354,,,NOT_AVAILABLE,,
1.14953E+18,118.7234604,0.152073679,85.21873297,0.201001304,0.777466216,0.212182203,18.751326,1.5888004,,,NOT_AVAILABLE,,
1.14947E+18,125.7489809,0.249950326,85.10558521,0.275251995,0.663325955,0.269345976,19.45103,1.7037678,,,NOT_AVAILABLE,,
1.14953E+18,119.9585112,0.323755466,85.2029563,0.384898578,0.566840544,0.45049872,19.97015,2.4781437,,,NOT_AVAILABLE,,
1.14954E+18,119.7978641,0.447434681,85.56180303,0.550485515,0.56562373,0.633358613,20.024466,2.0776138,,,NOT_AVAILABLE,,
1.14952E+18,123.4682407,0.405536383,85.200361,0.553137414,1.216282147,0.496118176,19.783365,2.5875854,,,NOT_AVAILABLE,,
1.14951E+18,117.5153383,0.357583045,85.17754448,0.594218641,-0.067370811,0.531033414,20.003315,1.4560604,,,NOT_AVAILABLE,,
1.14953E+18,120.848677,0.237706075,85.21193359,0.273170094,0.254644908,0.295581945,19.692385,1.4879036,,,NOT_AVAILABLE,,
1.14947E+18,125.5667628,0.680955858,85.04877662,0.868713978,0.802323755,0.607561135,20.524427,1.6707363,,,NOT_AVAILABLE,,
1.14952E+18,121.8039339,1.547898137,85.20184142,1.772694932,,,19.198317,1.6335125,,,NOT_AVAILABLE,,
1.14952E+18,123.390064,0.126442781,85.15957097,0.152294004,0.227376126,0.146535402,18.466656,1.2222061,,,NOT_AVAILABLE,,
1.14952E+18,121.5717928,0.5675013,85.09805215,0.69164726,0.268436186,0.74066121,20.594675,2.1081429,,,NOT_AVAILABLE,,
1.14947E+18,125.2488971,0.312013449,85.13895371,0.455506073,1.221796984,0.37202042,19.97704,2.371252,,,NOT_AVAILABLE,,
1.14952E+18,122.2247811,0.062936835,85.19467816,0.074821638,0.320429794,0.078467158,17.47464,0.82886124,,,NOT_AVAILABLE,,
1.14952E+18,120.6008569,0.211371687,85.12479832,0.262804975,0.748066932,0.283694646,19.412718,2.3246422,,,NOT_AVAILABLE,,
1.14953E+18,121.9803294,0.347375232,85.35145763,0.390353153,0.221858993,0.425806338,19.970964,1.4425564,,,NOT_AVAILABLE,,
1.14947E+18,125.6080765,28.22968804,85.00561262,19.35935457,,,21.07197,,,,NOT_AVAILABLE,,
1.14951E+18,117.2039815,0.844972704,85.16163229,1.000704777,-0.348005451,0.914312324,20.81371,0.7444744,,,NOT_AVAILABLE,,
1.14954E+18,119.6451138,0.61873027,85.41169447,0.819914407,0.601794152,0.912989615,20.595955,1.7970009,,,NOT_AVAILABLE,,
1.14951E+18,120.8723601,3.310499612,85.12010527,4.495048081,,,21.226875,,,,NOT_AVAILABLE,,
1.14947E+18,124.1891228,0.243953197,85.11852944,0.310271711,0.070152807,0.295031401,19.61608,0.8351326,,,NOT_AVAILABLE,,
1.14952E+18,122.2267496,0.20123286,85.19991757,0.262473569,0.881226956,0.252551892,19.451977,1.7470169,,,NOT_AVAILABLE,,
1.14953E+18,120.1626041,0.126066786,85.26678428,0.145634155,0.644541064,0.160781826,18.543684,1.4247303,,,NOT_AVAILABLE,,
1.14953E+18,120.0452302,0.168629393,85.2200911,0.217660216,0.887164332,0.224794994,19.107151,2.2491226,,,NOT_AVAILABLE,,
1.14953E+18,119.0022909,0.168771729,85.22741022,0.215084143,0.47323967,0.236665348,18.93926,1.0699654,,,NOT_AVAILABLE,,
1.14954E+18,120.3444973,0.0312397,85.31939095,0.037684011,0.504205941,0.042053739,16.168463,0.9517946,,,NOT_AVAILABLE,5399.3335,0.4955
1.14952E+18,123.7013612,0.589862742,85.14077387,0.892538189,1.961329114,0.758885432,20.732761,1.8890591,,,NOT_AVAILABLE,,
1.14953E+18,120.0450606,0.064065928,85.26931876,0.081348714,0.452698162,0.086478103,17.44911,1.150013,,,NOT_AVAILABLE,,
1.1495E+18,117.8773661,0.499352954,85.05369482,0.597788674,0.703445557,0.652716771,20.308025,1.8549023,,,NOT_AVAILABLE,,
1.14953E+18,119.71416,1.487113722,85.14747455,2.25827658,,,21.106407,,,,NOT_AVAILABLE,,
1.14947E+18,124.4092224,0.821321073,85.08132566,1.079192337,0.543952105,0.949034715,20.841135,0.8467369,,,NOT_AVAILABLE,,
1.14953E+18,120.0726251,0.073186406,85.21631411,0.094776016,0.436170876,0.096068835,17.83429,1.2264023,,,NOT_AVAILABLE,,
1.14953E+18,120.2022988,0.279508636,85.27837099,0.339055982,0.282925913,0.372106283,19.713163,0.94789886,,,NOT_AVAILABLE,,
1.14952E+18,123.0276845,0.616667365,85.26409698,1.012661932,-0.198884532,0.828989616,20.760445,0.69122124,,,NOT_AVAILABLE,,
1.14953E+18,119.9945258,0.196270448,85.10519701,0.240699461,1.02398629,0.265027348,19.421562,1.8142529,,,NOT_AVAILABLE,,
1.14949E+18,120.3216754,0.54433739,85.02949202,0.655111933,0.866615143,0.745343639,20.563915,1.1850605,,,NOT_AVAILABLE,,
1.14947E+18,124.4932317,0.366303937,85.20073182,0.45449949,0.049045906,0.422891021,19.769844,1.9849701,,,NOT_AVAILABLE,,
1.14951E+18,118.456876,0.037505553,85.17458083,0.051290862,3.800668871,0.051462418,16.404293,2.1774082,,,NOT_AVAILABLE,3759.11,0.113
1.14945E+18,127.2287731,0.342538395,85.00734066,0.514967023,0.025855379,0.43326334,20.083174,0.7041435,,,NOT_AVAILABLE,,
1.14951E+18,122.6107871,0.02007311,85.01461966,0.021545166,1.112084198,0.021498084,12.765632,0.7379408,-46.01013226,6.340956428,NOT_AVAILABLE,6231.49,
1.14952E+18,121.9888412,0.421054638,85.29209324,0.504698563,0.692563833,0.514714601,20.416716,2.2252445,,,NOT_AVAILABLE,,
1.14953E+18,118.3116077,0.166984372,85.25182586,0.233061953,1.22212645,0.250113007,18.99074,2.2821712,,,NOT_AVAILABLE,,
1.14953E+18,122.3064161,0.476125813,85.3870435,0.576406326,-7.95E-04,0.594114533,20.428429,1.6975594,,,NOT_AVAILABLE,,
1.14951E+18,117.343776,0.797485151,85.12852639,1.246791551,3.776283657,1.308773358,20.741774,1.8873959,,,NOT_AVAILABLE,,
1.1495E+18,118.078884,0.580874203,85.02007584,0.652659618,1.11501761,0.74460016,20.553349,1.739233,,,NOT_AVAILABLE,,
1.14952E+18,122.445224,1.007010388,85.18766435,1.651087749,-0.118632599,1.205910242,20.88561,0.99502754,,,NOT_AVAILABLE,,
1.14952E+18,123.6895813,0.361129952,85.14023316,0.469851743,1.130027511,0.438787083,20.168383,2.1164455,,,NOT_AVAILABLE,,
1.14947E+18,124.819877,1.728549752,85.12053955,2.245274698,,,20.987888,1.4046955,,,NOT_AVAILABLE,,
1.1495E+18,118.8938956,0.051094397,85.05774244,0.07260756,0.59998949,0.074569317,17.001097,1.1713524,,,NOT_AVAILABLE,4918.15,
1.14952E+18,123.0670761,0.268594492,85.25831219,0.354335137,0.892035262,0.334849454,19.776714,1.6813278,,,NOT_AVAILABLE,,
1.14954E+18,120.715125,0.536403004,85.2964546,0.689248321,3.903171297,0.669688243,20.581703,2.6913948,,,NOT_AVAILABLE,,
1.14947E+18,124.3823108,0.692596078,85.08834713,0.94325076,0.978356983,0.832426151,20.737541,1.12747,,,NOT_AVAILABLE,,
1.14947E+18,125.158659,2.368719707,85.04349714,2.289349351,,,20.920475,1.2719364,,,NOT_AVAILABLE,,
1.14953E+18,118.5941572,0.099790205,85.25111828,0.1353392,0.5255775,0.141269544,18.27941,1.7523232,,,NOT_AVAILABLE,,
1.14954E+18,120.5848556,0.552552013,85.45434388,0.659628989,-0.177029778,0.743540426,20.562963,2.012148,,,NOT_AVAILABLE,,
1.14947E+18,125.3187884,1.023513208,85.0180708,1.225110421,1.029703856,0.79321642,20.678572,1.5888138,,,NOT_AVAILABLE,,
1.14952E+18,123.5805002,0.214287627,85.16277949,0.264749422,1.357721473,0.255547016,19.359041,2.0365906,,,NOT_AVAILABLE,,
1.14954E+18,120.107751,0.317052707,85.36368987,0.37672105,1.021787399,0.418083007,16.76213,0.99614525,,,NOT_AVAILABLE,5261.27,
1.14954E+18,121.0065843,0.03139556,85.52327865,0.034230122,1.037776842,0.038850252,15.971765,1.2526131,,,NOT_AVAILABLE,5109.25,
1.1495E+18,118.7164723,0.431211992,85.00855379,0.523602069,0.481901299,0.614377528,20.206726,1.5785751,,,NOT_AVAILABLE,,
1.14953E+18,120.0018894,0.113828382,85.22975223,0.139476974,0.552854832,0.149576947,18.592978,1.5105534,,,NOT_AVAILABLE,,
1.14952E+18,123.4574535,0.092093635,85.17095123,0.113934124,4.028898826,0.109610865,17.950293,2.5224762,,,NOT_AVAILABLE,,
1.14947E+18,124.8009592,0.192268251,85.22094228,0.245391298,0.807086635,0.224830022,18.820112,1.7409763,,,NOT_AVAILABLE,,
1.14953E+18,117.8951697,0.065127362,85.2475722,0.090993191,0.241464877,0.09102779,17.175514,0.89149284,,,NOT_AVAILABLE,,
1.14953E+18,117.9589904,0.389790929,85.24302872,0.548879772,2.251853126,0.596321849,20.309708,2.1246147,,,NOT_AVAILABLE,,
1.14951E+18,117.0808802,0.605457924,85.09179875,0.773987182,-0.050203515,0.839387718,20.572062,2.019846,,,NOT_AVAILABLE,,
1.14947E+18,124.193027,0.924567994,85.11191255,1.523524752,0.101599139,1.180448752,20.93295,1.2569084,,,NOT_AVAILABLE,,
1.14954E+18,119.4830755,3.744141208,85.49815751,4.208206932,,,20.977962,0.84791946,,,NOT_AVAILABLE,,
1.14954E+18,120.8186198,1.263545456,85.45731391,1.781432035,1.011492789,2.001978307,20.92864,2.3673992,,,NOT_AVAILABLE,,
1.14952E+18,120.9879756,0.144004298,85.2046816,0.163857987,0.174476819,0.178119129,18.107317,1.6823902,,,NOT_AVAILABLE,,
1.14953E+18,119.0717663,0.251870723,85.24132136,0.323155559,-0.325710297,0.345467347,19.585129,1.0326843,,,NOT_AVAILABLE,,
1.14954E+18,121.26599,0.51484353,85.35366402,0.596902334,0.499326507,0.623497765,20.443905,2.0831585,,,NOT_AVAILABLE,,
1.14954E+18,120.4342669,0.13511816,85.57017245,0.144991599,0.603504515,0.170567126,18.350183,1.1420593,,,NOT_AVAILABLE,,
1.14952E+18,122.4451633,0.540760584,85.18694024,0.740390213,1.730945013,0.632751735,20.558447,0.96281433,,,NOT_AVAILABLE,,
1.14954E+18,120.433872,1.064811969,85.52046324,1.31099921,-1.761648239,1.8378433,20.893915,1.9333954,,,NOT_AVAILABLE,,
1.14953E+18,119.7572298,6.132700247,85.28343561,11.9701835,,,21.019802,,,,NOT_AVAILABLE,,
1.14953E+18,118.9054142,0.478279363,85.37534081,0.59060401,-0.443412598,0.6632993,19.250633,0.90978813,,,NOT_AVAILABLE,,
1.14954E+18,120.3149717,0.664314671,85.46691924,0.796847364,2.36648859,0.987610748,20.71344,1.8819084,,,NOT_AVAILABLE,,
1.14951E+18,122.4505037,0.267574989,85.00203248,0.358437768,2.057078231,0.346364241,19.67877,2.3123379,,,NOT_AVAILABLE,,
1.14947E+18,125.1516889,0.288594866,85.09346892,0.553477803,0.825640545,0.366212291,19.366755,,,,NOT_AVAILABLE,,
1.14953E+18,120.3547158,0.070206527,85.24127884,0.086591417,0.548489148,0.09230661,17.748613,1.1019154,,,NOT_AVAILABLE,,
1.14954E+18,119.3859487,0.327130021,85.4980397,0.406345657,0.447572491,0.453489119,19.86472,0.753912,,,NOT_AVAILABLE,,
1.1495E+18,118.7258894,0.499724422,85.06138606,0.570471272,0.289730546,0.662945428,20.323975,1.4193211,,,NOT_AVAILABLE,,
1.14947E+18,125.1650904,0.140625539,85.08004597,0.415577146,0.38647341,0.176596575,17.060822,,,,NOT_AVAILABLE,,
1.14953E+18,118.3842259,0.770754132,85.27079343,1.102682678,1.751225146,1.034581081,20.804497,1.8862629,,,NOT_AVAILABLE,,
1.14947E+18,124.5292644,0.359041858,85.14518139,0.515450116,0.298073453,0.438443829,20.240883,2.037695,,,NOT_AVAILABLE,,
1.14954E+18,120.4923446,0.927979935,85.50440983,1.32807988,5.779958142,1.253094705,20.768578,2.118908,,,NOT_AVAILABLE,,
1.14952E+18,123.7585391,0.052179197,85.15253184,0.05853047,0.349954531,0.059971301,16.947186,0.9055767,,,NOT_AVAILABLE,5370,0.282
1.14951E+18,117.1371466,0.463359132,85.06942091,0.474969156,1.842867174,0.594727471,20.228193,2.7018185,,,NOT_AVAILABLE,,
1.14953E+18,120.6711187,0.086808407,85.23866738,0.106965883,0.845874137,0.113091384,18.168617,1.8743362,,,NOT_AVAILABLE,,
1.14952E+18,122.5396537,0.121662777,85.22166236,0.153416522,0.371445989,0.15256621,18.659643,1.0516891,,,NOT_AVAILABLE,,
1.14953E+18,120.7952522,0.096221114,85.23638269,0.113075216,1.078602931,0.121501662,18.170897,1.7686462,,,NOT_AVAILABLE,,
1.14952E+18,123.5310857,1.06171814,85.18642412,1.693967741,0.576509075,1.793504372,20.989422,0.8864765,,,NOT_AVAILABLE,,
1.14952E+18,121.7393889,0.121976947,85.32749929,0.148192786,0.191581226,0.160473378,18.530416,1.4981346,,,NOT_AVAILABLE,,
1.14952E+18,121.6187598,0.33569354,85.13093661,0.396518123,-0.224475401,0.413263856,19.943426,,,,NOT_AVAILABLE,,
1.14953E+18,120.3683176,0.965200954,85.27602938,1.495427295,1.257346528,1.656998907,20.979107,2.2975368,,,NOT_AVAILABLE,,
1.14952E+18,120.5283095,0.071094832,85.11697348,0.085209732,0.421204019,0.092016505,17.71277,1.0733395,,,NOT_AVAILABLE,,
1.14954E+18,120.0769217,0.36813361,85.34791263,0.46608234,0.20648214,0.514336602,20.207802,1.7693691,,,NOT_AVAILABLE,,
1.14952E+18,122.4597412,0.148246419,85.23050536,0.198628927,1.125981334,0.175592352,18.710318,2.2401047,,,NOT_AVAILABLE,,
1.14946E+18,126.3897379,0.129305578,85.00456199,0.15437573,0.981843948,0.161450332,18.63924,2.010437,,,NOT_AVAILABLE,,
1.14954E+18,121.5474384,1.027101379,85.32910902,0.678841319,1.711546233,0.756509579,20.62019,1.0717621,,,NOT_AVAILABLE,,
1.14953E+18,120.6402164,0.118040413,85.23739573,0.148516865,0.593057878,0.153564864,18.402472,1.0057468,,,NOT_AVAILABLE,,
1.14952E+18,123.2783283,0.969997063,85.19836197,1.345476431,-0.642166608,1.349838707,20.873608,1.3979893,,,NOT_AVAILABLE,,
1.14952E+18,121.3913747,0.109891265,85.24411325,0.126379399,1.04597296,0.137301992,18.530663,1.979002,,,NOT_AVAILABLE,,
1.14953E+18,119.8556904,0.091128791,85.2468446,0.111027048,0.412218498,0.12191933,18.097563,1.1916199,,,NOT_AVAILABLE,,
1.14953E+18,119.6090676,0.122237428,85.24270912,0.152532152,0.230270031,0.164647733,18.525522,1.2954731,,,NOT_AVAILABLE,,
1.14953E+18,119.1690944,0.05601582,85.25298345,0.070168089,0.239361119,0.077051261,17.101028,0.856205,,,NOT_AVAILABLE,,
1.14953E+18,117.8685328,0.159779912,85.2649143,0.224523907,1.586186808,0.254830301,18.883,2.1827755,,,NOT_AVAILABLE,,
1.14953E+18,119.0758791,0.085331394,85.25349444,0.105454734,0.302996875,0.111890632,17.939632,0.94818306,,,NOT_AVAILABLE,,
1.14947E+18,124.4023179,0.61319616,85.04872165,0.889487411,0.431818221,0.699432331,20.57675,1.8419857,,,NOT_AVAILABLE,,
1.14954E+18,119.9377614,0.925779109,85.57810199,0.892363064,1.664868345,0.894404517,20.676813,1.9258728,,,NOT_AVAILABLE,,
1.14947E+18,125.0425614,0.381205801,85.05314132,0.473067946,0.294146651,0.448866534,20.020615,1.2453442,,,NOT_AVAILABLE,,
1.14952E+18,121.1678165,1.105171729,85.15958845,1.514185249,,,21.050344,,,,NOT_AVAILABLE,,
1.14953E+18,119.7143352,0.086304514,85.27919675,0.109088228,0.098277008,0.12095295,17.82655,0.7916851,,,NOT_AVAILABLE,,
1.14947E+18,125.0702042,0.589333674,85.0920791,0.568615283,2.016677133,0.56768018,19.358492,,,,NOT_AVAILABLE,,
1.1495E+18,118.6210916,0.64493077,85.01066571,0.910609222,0.385451113,1.035352522,19.806559,,,,NOT_AVAILABLE,,
1.14953E+18,122.1552136,2.319253642,85.38927034,1.828250804,,,21.0146,,,,NOT_AVAILABLE,,
1.14951E+18,118.0003802,0.016642589,85.09268607,0.023511731,1.047555384,0.022730143,13.082478,0.7094898,,,NOT_AVAILABLE,6332.25,1.158
1.14953E+18,119.2631563,1.877141892,85.12520907,3.986235947,,,21.178904,,,,NOT_AVAILABLE,,
1.14952E+18,122.3104298,0.118708388,85.20816914,0.150052581,0.547767053,0.147825837,18.639145,1.5540638,,,NOT_AVAILABLE,,
1.14947E+18,124.9839135,0.4509594,85.14745933,0.659654354,3.888919162,0.562121817,20.194162,3.0243607,,,NOT_AVAILABLE,,
1.14947E+18,124.6258935,0.175116947,85.14963096,0.222622752,0.639897644,0.206458703,19.073378,1.7251091,,,NOT_AVAILABLE,,
1.14951E+18,122.5340775,2.563393127,85.11662087,3.361492309,,,20.566868,1.769165,,,NOT_AVAILABLE,,
1.14947E+18,126.5697079,0.100424803,85.05679268,0.102582359,1.583327483,0.103551519,17.862528,2.2549992,,,NOT_AVAILABLE,,
1.14954E+18,120.453265,0.315240138,85.50555833,0.39508527,0.659371881,0.448665114,19.975756,1.2154522,,,NOT_AVAILABLE,,
1.14954E+18,121.9307954,1.169115052,85.43767696,1.699210119,,,21.05504,,,,NOT_AVAILABLE,,
1.14954E+18,121.3360049,0.759585685,85.35930572,0.792957447,-0.516283476,0.933743267,20.648617,1.2812786,,,NOT_AVAILABLE,,
1.14953E+18,120.2824494,0.961009576,85.29627871,1.436270268,2.276411474,1.766973088,20.90894,1.160778,,,NOT_AVAILABLE,,
1.14947E+18,126.5627697,0.122531712,85.05908294,0.131966044,0.830669305,0.131275675,18.321074,1.6452789,,,NOT_AVAILABLE,,
1.14951E+18,122.2476635,0.15199798,85.02237259,0.213794451,0.379401146,0.194536465,18.597912,1.7410374,,,NOT_AVAILABLE,,
1.1495E+18,118.6855219,0.311380284,85.06286178,0.46521215,1.394798816,0.445098074,19.905949,2.3093739,,,NOT_AVAILABLE,,
1.14953E+18,118.177466,0.188758423,85.28548854,0.273208572,0.342812497,0.289223441,19.014341,1.1106739,,,NOT_AVAILABLE,,
1.14953E+18,118.3285871,0.682284901,85.25010915,0.97682597,-0.123835853,1.003058327,20.685938,2.800394,,,NOT_AVAILABLE,,
1.14951E+18,118.0845292,0.247263419,85.08101608,0.30928932,0.544829892,0.330646484,19.549881,2.1627064,,,NOT_AVAILABLE,,
1.14952E+18,121.2573015,0.249098756,85.23441737,0.302971933,0.772911977,0.325707047,19.735125,1.6978283,,,NOT_AVAILABLE,,
1.14953E+18,119.4169958,0.061510037,85.2740224,0.077725395,0.551961983,0.081354211,17.390352,1.174284,,,NOT_AVAILABLE,,
1.1495E+18,117.5186475,1.106772176,85.06123983,1.348818423,1.050059296,1.2693145,20.804558,1.8494072,,,NOT_AVAILABLE,,
1.14953E+18,121.0102634,0.087480287,85.25063604,0.100277292,0.576217131,0.109761942,18.084976,1.5787754,,,NOT_AVAILABLE,,
1.14954E+18,119.6957379,3.38301972,85.54237439,6.11322158,,,20.951593,2.034195,,,NOT_AVAILABLE,,
1.14947E+18,125.0822168,0.150334726,85.12607807,0.19138611,0.475051409,0.179264872,18.855137,1.876709,,,NOT_AVAILABLE,,
1.1495E+18,118.6243269,0.056536602,85.01035763,0.079785312,1.896925381,0.082944384,17.150003,2.0299091,,,NOT_AVAILABLE,,
1.14952E+18,121.0976744,0.381193721,85.14678111,0.448773189,1.4893823,0.484084493,20.255909,2.031641,,,NOT_AVAILABLE,,
1.14953E+18,120.7912903,0.048627785,85.2482855,0.056017756,0.514229896,0.060486365,17.110071,1.1082058,,,NOT_AVAILABLE,,
1.14951E+18,117.1779668,1.31906782,85.1038225,2.653793544,,,21.020397,,,,NOT_AVAILABLE,,
1.14952E+18,124.0738816,0.217780249,85.18619918,0.256756573,0.481498233,0.241484312,19.185339,1.271595,,,NOT_AVAILABLE,,
1.14947E+18,126.4376083,0.430952511,85.07052981,0.494554169,4.483318956,0.495292603,16.448938,2.0149317,,,NOT_AVAILABLE,3805.925,
1.14953E+18,118.0888676,0.138980701,85.27367556,0.202236562,0.287982651,0.201075342,18.773426,0.7448559,,,NOT_AVAILABLE,,
1.14953E+18,118.4093059,0.057764393,85.28308187,0.079665275,0.537094662,0.084805167,17.275614,1.1741734,,,NOT_AVAILABLE,,
1.14952E+18,121.9438761,10.66243313,85.24731154,4.139696849,,,21.220633,,,,NOT_AVAILABLE,,
1.14951E+18,118.5546768,0.500951949,85.11851482,0.809119106,1.372767596,0.761221978,20.468002,1.7235527,,,NOT_AVAILABLE,,
1.14951E+18,117.3460444,0.205522765,85.13925432,0.309872709,2.369971735,0.289913538,18.281496,2.631689,,,NOT_AVAILABLE,,
1.14953E+18,119.3305114,0.237606918,85.26326805,0.311769827,0.350242181,0.331867333,19.560219,0.8119106,,,NOT_AVAILABLE,,
1.14947E+18,123.9348424,0.119501724,85.15067472,0.143702202,0.256553863,0.138116904,18.460243,0.79486084,,,NOT_AVAILABLE,,
1.14952E+18,122.1029806,0.134903035,85.21719934,0.150438415,0.366309487,0.162273324,18.675123,1.1601391,,,NOT_AVAILABLE,,
1.14953E+18,119.5789335,0.0824642,85.26397149,0.100059527,0.648399601,0.113694842,17.89033,1.5669727,,,NOT_AVAILABLE,,
1.14953E+18,118.3843749,0.215946403,85.22304996,0.308584369,2.058477878,0.287762333,16.16981,0.91670036,,,NOT_AVAILABLE,5190.3335,
1.14954E+18,120.5318861,0.535711947,85.48277473,0.623955268,1.465956149,0.650035272,20.42434,1.6894054,,,NOT_AVAILABLE,,
1.14952E+18,122.4254603,0.943263381,85.22048115,1.264702259,,,17.916304,2.551447,,,NOT_AVAILABLE,,
1.14953E+18,118.4260123,0.038453561,85.36186712,0.052800069,0.400226337,0.05613765,16.484957,0.96511364,,,NOT_AVAILABLE,5359,0.411
1.14946E+18,126.8315351,0.035658877,85.00835009,0.041189044,0.933363564,0.041760806,16.384008,1.2091951,,,NOT_AVAILABLE,4921.525,0.114
1.1495E+18,116.5722099,0.019272089,85.01429626,0.025219786,3.149295719,0.02660404,12.102165,0.87502384,,,NOT_AVAILABLE,5565,0.277
1.14952E+18,123.7104474,0.175022484,85.21695961,0.207252324,0.214734808,0.200792108,19.047827,1.6310787,,,NOT_AVAILABLE,,
1.14954E+18,119.6815976,0.23676621,85.39164318,0.286778808,-0.012363071,0.323097586,19.502665,1.5038834,,,NOT_AVAILABLE,,
1.14953E+18,119.2255862,0.388885904,85.14016226,0.505016437,1.162869935,0.511521408,20.359333,1.560133,,,NOT_AVAILABLE,,
1.1495E+18,117.7527471,0.904580163,85.01758849,1.694709953,,,20.810724,1.1588058,,,NOT_AVAILABLE,,
1.14947E+18,125.6612374,0.506331503,85.06346109,0.602419744,1.643977125,0.441125265,20.182098,1.9149818,,,NOT_AVAILABLE,,
1.14947E+18,126.4395317,0.183916624,85.03770238,0.213053186,0.289128249,0.21814164,19.179068,1.4975567,,,NOT_AVAILABLE,,
1.14953E+18,121.9911563,2.454422024,85.36913469,2.955598845,,,21.150557,,,,NOT_AVAILABLE,,
1.14952E+18,121.6039176,0.644569067,85.30543689,0.693218513,1.259694494,0.739737016,20.670654,1.8084564,,,NOT_AVAILABLE,,
1.14954E+18,119.9218268,0.219523225,85.38468669,0.27003373,0.95938101,0.310246998,19.410753,2.2294083,,,NOT_AVAILABLE,,
1.14951E+18,117.1086827,0.275598121,85.03828781,0.340809888,0.681775166,0.393817,19.723164,1.5923328,,,NOT_AVAILABLE,,
1.14947E+18,126.3595591,0.215081828,85.04001741,0.27714829,1.27979357,0.232918216,19.210337,1.6553154,,,NOT_AVAILABLE,,
1.14947E+18,126.3166938,0.013820065,85.0453611,0.013119921,1.062325688,0.01353256,13.173577,0.9595547,-8.789493663,3.526882595,NOT_AVAILABLE,5361,
1.14954E+18,119.9592989,0.294185558,85.41845636,0.384902977,0.268662661,0.396737562,19.811693,1.494442,,,NOT_AVAILABLE,,
1.14946E+18,126.7594929,0.051380817,85.04899845,0.056342572,1.18195153,0.059135484,16.940983,1.5945168,,,NOT_AVAILABLE,4399.25,0.39
1.14953E+18,119.4662633,0.025432738,85.1857348,0.029819188,7.097128311,0.030986115,13.628072,1.7608566,-59.4383212,3.779894274,NOT_AVAILABLE,4108.0034,0.525
1.14947E+18,126.4697233,0.087406762,85.07813767,0.094987655,0.509263186,0.092913417,17.688503,1.088007,,,NOT_AVAILABLE,,
1.14951E+18,117.3434171,0.312495733,85.12236962,0.396094356,1.784312161,0.4108498,20.06166,2.1755352,,,NOT_AVAILABLE,,
1.14952E+18,123.3680306,0.238540774,85.24211463,0.328183198,1.962424587,0.294600302,19.532122,2.53298,,,NOT_AVAILABLE,,
1.14946E+18,126.6488079,0.08489042,85.0369912,0.099403074,0.469658811,0.099663943,16.333878,1.1687288,,,NOT_AVAILABLE,4905.75,1.0705
1.1495E+18,117.9599321,0.21157378,85.04693502,0.302537715,1.631861077,0.308097113,19.133099,2.2192554,,,NOT_AVAILABLE,,
1.14947E+18,126.1017056,0.083461621,85.00172777,0.098022383,0.219920682,0.0998445,17.97901,0.989069,,,NOT_AVAILABLE,,
1.14947E+18,125.3712999,0.500848369,85.03645417,0.64071933,0.464614782,0.51042224,20.256937,2.1765633,,,NOT_AVAILABLE,,
1.14952E+18,123.5781086,0.148162131,85.23850718,0.180599708,0.844431806,0.181966276,18.72996,2.1485882,,,NOT_AVAILABLE,,
1.14953E+18,118.9778486,6.202581836,85.15635758,10.89346471,,,20.549608,,,,NOT_AVAILABLE,,
1.1495E+18,118.8549129,0.239586549,85.05866184,0.322606488,1.222009575,0.3481854,19.467375,2.2216778,,,NOT_AVAILABLE,,
1.14947E+18,126.1731896,0.017285692,85.02762026,0.017997918,0.427922817,0.019565034,14.710708,0.78973293,,,NOT_AVAILABLE,6099.4976,
1.14953E+18,120.0294412,0.070114601,85.27976803,0.092664109,0.570030773,0.096210127,17.577278,1.1620312,,,NOT_AVAILABLE,,
1.14953E+18,120.6406624,1.461724471,85.23249932,2.695650566,,,20.992517,0.8266468,,,NOT_AVAILABLE,,
1.14946E+18,126.618713,0.097789322,85.03845127,0.108823482,0.425028699,0.114475944,18.119385,0.9554615,,,NOT_AVAILABLE,,
1.14947E+18,126.2144233,0.046405121,85.06606282,0.045284199,5.196380789,0.046711329,16.320452,2.3572807,,,NOT_AVAILABLE,3834.37,0.2903
1.14954E+18,121.7729244,0.49987313,85.44822554,0.55421493,0.520137622,0.600136749,20.462685,1.9864578,,,NOT_AVAILABLE,,
1.1495E+18,118.7434121,0.315583262,85.05684135,0.400001768,0.251808235,0.437365862,19.963514,1.8520794,,,NOT_AVAILABLE,,
1.14954E+18,119.2594478,1.537439303,85.43535947,1.58711171,1.234639554,1.901749622,20.898851,1.7544193,,,NOT_AVAILABLE,,
1.14954E+18,121.5310922,1.081932192,85.32134893,1.099580327,1.483712179,1.169280455,20.859583,1.9995575,,,NOT_AVAILABLE,,
1.14947E+18,124.2599503,0.01317677,85.18739857,0.015147998,1.560338554,0.014380711,13.401032,0.78958035,,,NOT_AVAILABLE,6044.7476,0.0693
1.14947E+18,125.4268699,0.313684026,85.03055338,0.37875825,0.607272099,0.339288634,19.798252,2.5019722,,,NOT_AVAILABLE,,
1.14952E+18,122.6120628,1.269283173,85.14537179,3.024488461,,,21.030481,,,,NOT_AVAILABLE,,
1.14947E+18,126.2332168,0.03234381,85.0147757,0.033827658,0.263694357,0.03643816,16.057745,1.2041044,,,NOT_AVAILABLE,4903.6064,
1.14947E+18,125.0023129,0.121067058,85.14062412,0.166049527,0.252253071,0.150206979,18.528002,1.161684,,,NOT_AVAILABLE,,
1.14954E+18,119.9995591,3.071887843,85.46069204,4.06481923,,,21.115005,,,,NOT_AVAILABLE,,
1.14952E+18,124.1355822,0.161160199,85.22690166,0.186156919,1.817919201,0.181297016,18.891058,2.4210033,,,NOT_AVAILABLE,,
1.14952E+18,123.8241521,0.24983844,85.2315551,0.296516776,0.803305806,0.286890447,19.504335,1.5783806,,,NOT_AVAILABLE,,
1.14952E+18,123.5277607,0.160642471,85.23720314,0.198183713,0.287242423,0.19639962,19.035042,1.3608646,,,NOT_AVAILABLE,,
1.14951E+18,120.6074768,0.940286884,85.09158943,1.338379046,-0.892496562,1.140510503,20.796072,1.079876,,,NOT_AVAILABLE,,
1.14953E+18,118.8498402,0.097650991,85.28106694,0.134241067,0.415902998,0.139372731,18.21013,1.0998306,,,NOT_AVAILABLE,,
1.14953E+18,120.1042823,0.773575585,85.29859509,1.037107998,1.142184404,1.039453011,20.737553,2.4845943,,,NOT_AVAILABLE,,
1.1495E+18,118.8237126,0.151555378,85.12042147,0.202330992,0.41085605,0.212530068,19.091825,2.006483,,,NOT_AVAILABLE,,
1.14947E+18,126.3191601,0.246841484,85.08936558,0.281495896,1.224519815,0.266294723,19.426414,2.3407955,,,NOT_AVAILABLE,,
1.14952E+18,122.3765427,2.513500163,85.18546231,3.37816463,,,21.096844,,,,NOT_AVAILABLE,,
1.14952E+18,124.074955,0.019225782,85.21587045,0.019827306,1.696384813,0.021072365,14.781103,1.1026049,,,NOT_AVAILABLE,4998.4976,0.129
1.14952E+18,123.9207888,0.053779458,85.15654551,0.061200144,0.512240003,0.062529634,16.920378,1.0463295,,,NOT_AVAILABLE,5149.065,0.217
1.14947E+18,125.4381448,0.740979067,85.09714384,0.899608427,0.65717318,0.843484396,19.679342,2.487051,,,NOT_AVAILABLE,,
1.14954E+18,122.0223359,0.750298591,85.41416873,0.860518321,0.889221081,0.991906411,20.704342,2.2381382,,,NOT_AVAILABLE,,
1.14954E+18,120.1190138,0.292748153,85.48419487,0.342930984,0.15159641,0.387710493,19.805286,0.7194767,,,NOT_AVAILABLE,,
1.14951E+18,118.1025327,0.382662359,85.12637304,0.637047953,1.999009105,0.553792575,20.204967,2.1670685,,,NOT_AVAILABLE,,
1.14954E+18,120.9325532,0.326286511,85.49844415,0.375443747,1.267533095,0.432999992,19.507088,1.4208584,,,NOT_AVAILABLE,,
1.14953E+18,120.5420221,0.054592731,85.26459564,0.066042826,0.31061785,0.069346807,17.21791,0.83421516,,,NOT_AVAILABLE,,
1.14952E+18,121.5049857,0.823590833,85.10111125,1.310856298,1.145705021,1.181619029,20.925295,1.4767246,,,NOT_AVAILABLE,,
1.14953E+18,120.0116852,0.512396428,85.33453351,0.621923329,-0.430468339,0.678056664,20.574438,2.363678,,,NOT_AVAILABLE,,
1.14952E+18,123.2939104,0.191556512,85.24566517,0.251026817,0.056447668,0.234475605,19.301823,0.8432007,,,NOT_AVAILABLE,,
1.14952E+18,124.0662981,0.151450537,85.23388021,0.193394995,0.369973422,0.185158844,18.889956,1.6138325,,,NOT_AVAILABLE,,
1.14954E+18,120.6908558,0.099872739,85.55539679,0.110273332,0.588384563,0.124540608,17.931139,1.533041,,,NOT_AVAILABLE,,
1.14951E+18,118.1070677,0.273070134,85.14852589,0.382351119,0.791396657,0.377325194,19.768267,1.7990131,,,NOT_AVAILABLE,,
1.14952E+18,121.6674071,0.218665102,85.0793139,0.272662566,0.337164481,0.285292504,19.562304,1.5825596,,,NOT_AVAILABLE,,
1.14952E+18,124.1432857,0.024829515,85.18746158,0.023097611,3.191367371,0.023597288,14.718573,1.6973476,,,NOT_AVAILABLE,4235.5,0.959
1.14954E+18,120.1269847,13.80305484,85.53577477,3.570283224,,,21.126059,,,,NOT_AVAILABLE,,
1.14952E+18,123.6985643,0.076920853,85.24026112,0.095899828,0.183827088,0.09487263,17.874529,1.0017471,,,NOT_AVAILABLE,,
1.14952E+18,124.2020989,0.161235304,85.20631475,0.199929329,0.741707946,0.189947348,18.99438,2.1159782,,,NOT_AVAILABLE,,
1.14953E+18,122.4082767,0.089897045,85.42430026,0.107304749,2.184541808,0.11318206,17.904837,2.2924843,,,NOT_AVAILABLE,,
1.14952E+18,124.1005757,0.083411316,85.1858394,0.095657129,1.883779471,0.091794891,17.82207,2.1975574,,,NOT_AVAILABLE,,
1.14952E+18,121.5988386,0.509129021,85.24808639,0.583823512,-0.399545542,0.635371063,18.73651,2.0268307,,,NOT_AVAILABLE,,
1.14952E+18,123.563057,1.817335089,85.14605411,3.261421133,,,21.070004,,,,NOT_AVAILABLE,,
1.14954E+18,121.2955023,0.086003721,85.27354134,0.101827178,0.692663776,0.110665692,18.095057,1.5409012,,,NOT_AVAILABLE,,
1.14947E+18,124.2634674,0.941495729,85.08183046,1.18311411,1.723695342,1.038094488,20.842442,1.8621922,,,NOT_AVAILABLE,,
1.14947E+18,124.5968101,0.443495046,85.00474423,0.583678093,1.359995912,0.468196606,20.296217,1.5775337,,,NOT_AVAILABLE,,
1.14951E+18,121.4612999,0.317515414,85.01279128,0.410462441,0.154964562,0.448026099,19.876348,0.5845814,,,NOT_AVAILABLE,,
1.14952E+18,124.1332555,0.289800254,85.21191453,0.356747109,-0.530867413,0.341720434,19.777954,0.6175709,,,NOT_AVAILABLE,,
1.14952E+18,123.5560621,0.01838393,85.15200716,0.020042415,0.761659216,0.021105708,14.8662405,0.7666302,,,NOT_AVAILABLE,5751.0703,0.144
1.14952E+18,123.8163958,0.340438253,85.22726712,0.457304169,0.719118331,0.403894079,20.070534,0.6111107,,,NOT_AVAILABLE,,
1.14953E+18,118.1985346,0.383775495,85.26906185,0.546299441,0.465880259,0.554388901,20.186716,1.8112106,,,NOT_AVAILABLE,,
1.14952E+18,123.8749012,0.152299568,85.21431231,0.174030137,1.440008184,0.179270028,17.804237,1.6136189,,,NOT_AVAILABLE,,
1.14947E+18,124.0804735,0.685286477,85.11824076,0.989221157,-0.102641615,0.855459254,20.82562,1.4559441,,,NOT_AVAILABLE,,
1.14952E+18,123.5252616,0.275468447,85.09848651,0.351271588,0.113194662,0.345209564,19.863424,0.5814781,,,NOT_AVAILABLE,,
1.14947E+18,124.9376131,3.721509296,85.10209123,6.323468619,,,21.054487,,,,NOT_AVAILABLE,,
1.14954E+18,121.1379449,0.449568403,85.35398536,0.601982935,0.513792885,0.582738152,20.293373,1.8205433,,,NOT_AVAILABLE,,
1.14952E+18,121.9998437,0.201706008,85.20979596,0.232243603,3.459257438,0.243653421,19.151926,2.8682117,,,NOT_AVAILABLE,,
1.14953E+18,120.5746272,0.700817056,85.23243812,0.885567721,0.37036615,0.887672305,20.838095,1.6475639,,,NOT_AVAILABLE,,
1.14954E+18,120.443744,0.497672298,85.39679875,0.549560962,0.256034749,0.614411737,20.413052,1.357439,,,NOT_AVAILABLE,,
1.14953E+18,120.0835477,1.419584321,85.30984054,2.811967571,,,21.044033,,,,NOT_AVAILABLE,,
1.14952E+18,123.7526632,0.027559149,85.15184333,0.030497721,0.394876879,0.031552012,15.825961,0.9854183,,,NOT_AVAILABLE,5334,1.4948
1.1495E+18,117.3634487,0.40019088,85.02561165,0.495631821,0.161173693,0.606110392,20.200167,1.8214321,,,NOT_AVAILABLE,,
1.14953E+18,119.2976737,0.178380315,85.30815421,0.22402509,1.420320385,0.253472667,19.127426,1.9722862,,,NOT_AVAILABLE,,
1.14947E+18,124.9348301,0.036931103,85.15342846,0.04283118,0.48069639,0.041384414,16.27296,0.891201,,,NOT_AVAILABLE,5621.02,0.197
1.14953E+18,119.6304752,0.450858398,85.2881641,0.596612517,0.711563256,0.651091071,20.454916,1.7531815,,,NOT_AVAILABLE,,
1.14952E+18,123.9306022,0.03901669,85.20890373,0.04261607,0.480214303,0.043695662,16.394968,0.96361923,,,NOT_AVAILABLE,5740.4634,0.2563
1.14951E+18,122.9807254,0.454343908,85.04880266,0.582240196,-0.20599417,0.555013853,20.345774,1.699295,,,NOT_AVAILABLE,,
1.14951E+18,116.9520906,0.608261734,85.04287832,0.663459357,1.792042407,0.775263684,20.514008,2.192688,,,NOT_AVAILABLE,,
1.14952E+18,121.5292458,0.044530266,85.25594617,0.047060221,1.416382236,0.051732882,16.787125,1.7249079,,,NOT_AVAILABLE,4267,
1.14952E+18,123.8550267,0.270278074,85.18138417,0.336689065,0.467468268,0.313944151,19.724798,1.2421017,,,NOT_AVAILABLE,,
1.14953E+18,119.1227422,0.06669899,85.29455285,0.08388266,1.571756819,0.095835806,17.52766,1.9602585,,,NOT_AVAILABLE,,
1.14953E+18,119.6637426,0.067299083,85.1797655,0.082295201,2.358564729,0.085945879,17.613161,2.4101887,,,NOT_AVAILABLE,,
1.14953E+18,118.4453065,0.437737141,85.253021,0.62191376,1.517164398,0.598169979,20.326872,2.2179089,,,NOT_AVAILABLE,,
1.14953E+18,118.314897,1.318563077,85.25057455,2.175662294,,,20.872522,1.806881,,,NOT_AVAILABLE,,
1.14952E+18,122.1108912,0.068083728,85.25585838,0.080441537,0.442476114,0.085887784,17.61068,1.3438244,,,NOT_AVAILABLE,,
1.14954E+18,120.8331511,0.150382188,85.2846198,0.177504605,0.44623236,0.199534193,18.85742,1.2826004,,,NOT_AVAILABLE,,
1.14954E+18,120.7259257,1.183976982,85.5431345,1.049062023,-2.493038657,1.450759107,20.912714,0.8757038,,,NOT_AVAILABLE,,
1.14953E+18,119.2273431,0.391757549,85.13056779,0.476033004,0.29495703,0.51058111,20.228922,1.0528984,,,NOT_AVAILABLE,,
1.1495E+18,116.9557791,1.04378291,85.01606241,1.240484983,0.963955963,1.433126079,20.855747,0.9132366,,,NOT_AVAILABLE,,
1.14953E+18,119.7673477,0.1707633,85.28918962,0.208367491,0.876209446,0.228268519,19.03284,1.7833309,,,NOT_AVAILABLE,,
1.14953E+18,120.0297544,0.233716222,85.06987494,0.255134535,0.154988449,0.283735977,19.388779,1.9911327,,,NOT_AVAILABLE,,
1.14954E+18,120.7734072,0.116478941,85.28292462,0.141243117,0.582799339,0.159494323,18.416712,1.3689079,,,NOT_AVAILABLE,,
1.14951E+18,122.3026736,0.585848142,85.14256904,0.812672587,5.096585578,0.789733442,20.700274,2.6468964,,,NOT_AVAILABLE,,
1.14954E+18,119.5289309,0.526150634,85.40006522,0.667412392,2.517619719,0.736813046,20.589073,2.3410587,,,NOT_AVAILABLE,,
1.14951E+18,121.5753264,0.282763708,85.02673602,0.368512178,-0.09001587,0.384549049,19.936785,2.103157,,,NOT_AVAILABLE,,
1.14952E+18,122.0514082,0.082324065,85.29100621,0.096547486,0.236085542,0.103315586,18.01268,0.80192757,,,NOT_AVAILABLE,,
1.14954E+18,120.8671451,0.120288745,85.29318256,0.141490441,0.896828134,0.160560792,18.57792,2.0231895,,,NOT_AVAILABLE,,
1.14953E+18,119.3594043,0.203993703,85.3163684,0.257230297,0.712860909,0.278397504,19.326803,1.8175468,,,NOT_AVAILABLE,,
1.1495E+18,117.7029926,0.493644067,85.01127425,0.701209842,-2.661218744,0.714533786,19.553144,2.03763,,,NOT_AVAILABLE,,
1.14952E+18,121.6747473,0.565277792,85.29304664,0.734051122,0.840887452,0.714529222,20.715519,1.2747593,,,NOT_AVAILABLE,,
1.14953E+18,119.1174759,0.322405123,85.38791462,0.374870828,2.060381622,0.432812043,19.92681,1.8444157,,,NOT_AVAILABLE,,
1.1495E+18,119.5948319,1.944873674,85.02773902,2.929809449,,,21.001894,,,,NOT_AVAILABLE,,
1.14952E+18,124.3277125,0.198246714,85.25275947,0.27376057,0.194704889,0.237341598,19.35297,1.1888351,,,NOT_AVAILABLE,,
1.14954E+18,121.2486864,0.171210242,85.28698741,0.215672129,0.241063277,0.22336788,19.248695,1.1613388,,,NOT_AVAILABLE,,
1.1495E+18,116.8098699,0.975921695,85.04498808,1.011906951,2.802241805,1.066276814,20.8209,2.601656,,,NOT_AVAILABLE,,
1.14953E+18,118.8618742,0.140818964,85.32450767,0.179636416,0.590882662,0.195125996,18.785347,1.1748829,,,NOT_AVAILABLE,,
1.14953E+18,120.1771622,0.760925056,85.26498177,1.588334992,,,20.846807,1.4130058,,,NOT_AVAILABLE,,
1.14947E+18,124.3430965,0.583585807,85.17780455,0.753823127,1.128402074,0.670236291,20.676846,1.9282284,,,NOT_AVAILABLE,,
1.14953E+18,118.7931782,0.060540013,85.32539344,0.073003911,0.999519583,0.080828996,17.307127,1.499218,,,NOT_AVAILABLE,,
1.14953E+18,120.4736113,0.796762528,85.2180101,1.026468627,1.957642855,1.037101171,20.875898,1.5854645,,,NOT_AVAILABLE,,
1.14952E+18,124.340659,0.01357377,85.21008645,0.014374393,1.421977903,0.014869925,13.042189,0.9435339,24.79450324,1.402181738,NOT_AVAILABLE,5424,1.4707
1.14953E+18,118.1282873,0.790714778,85.26896472,1.267944294,1.459578102,1.095022157,20.697464,2.3110542,,,NOT_AVAILABLE,,
1.14952E+18,121.9840483,0.210014713,85.21218236,0.24270055,0.566343381,0.259246264,19.288954,1.764328,,,NOT_AVAILABLE,,
1.14952E+18,123.0128525,0.071496816,85.15543191,0.089887917,1.111634018,0.085360072,15.717996,1.1701298,,,NOT_AVAILABLE,4896.9,
1.14952E+18,121.2084283,0.016967278,85.13902508,0.017881477,1.149610982,0.019969092,11.87865,1.2321157,9.499563151,0.340187878,NOT_AVAILABLE,4977.3,
1.14952E+18,122.6305716,0.095331854,85.29253964,0.121226565,0.077804873,0.118115978,18.223055,0.7470608,,,NOT_AVAILABLE,,
1.14952E+18,123.0364246,0.037232256,85.14953182,0.042617005,1.019606931,0.042551646,16.25752,1.3050108,,,NOT_AVAILABLE,5069.1733,0.503
1.14952E+18,124.1850873,0.151793023,85.27030524,0.182893923,0.737057252,0.185865622,18.881992,2.1561394,,,NOT_AVAILABLE,,
1.14951E+18,122.6932536,0.063674045,85.02970537,0.076895797,0.535546848,0.07932202,17.34478,1.0726871,,,NOT_AVAILABLE,,
1.14952E+18,123.0365917,0.046538769,85.13051409,0.053299975,0.898832546,0.054667908,15.96028,1.0947142,,,NOT_AVAILABLE,4979.02,0.183
1.14952E+18,122.5897032,0.334844132,85.12832743,0.416911241,2.607205372,0.416521769,15.455489,1.4923468,,,NOT_AVAILABLE,4418.3477,0.101
1.14947E+18,124.1626868,0.036163056,85.02301468,0.041420831,1.956136258,0.041715547,16.230947,1.9943514,,,NOT_AVAILABLE,3749.75,
1.14949E+18,119.7442562,0.47523021,85.00592973,0.550171768,2.091019832,0.624991767,20.398077,2.37574,,,NOT_AVAILABLE,,
1.14953E+18,119.9813232,0.034044577,85.29859489,0.040680757,0.382173833,0.04383216,15.247341,0.99559975,,,NOT_AVAILABLE,5246,
1.1495E+18,117.0606946,0.600096723,85.01799058,0.63824462,2.386224788,0.761131376,20.541565,1.9472446,,,NOT_AVAILABLE,,
1.14951E+18,122.625608,0.051388305,85.00195139,0.060313696,0.097293217,0.060826348,17.02209,1.0498695,,,NOT_AVAILABLE,5146.8535,
1.14947E+18,124.8024923,1.575778633,85.14088403,3.213789529,,,20.980375,0.89458084,,,NOT_AVAILABLE,,
1.14954E+18,119.4903105,0.811315437,85.50670633,1.236399205,,,18.932552,,,,NOT_AVAILABLE,,
1.14952E+18,123.9867372,0.344346111,85.20934588,0.461384938,1.274895602,0.404482408,20.111393,1.7702446,,,NOT_AVAILABLE,,
1.14949E+18,119.9917389,3.866004026,85.03735092,9.421162605,,,21.16814,,,,NOT_AVAILABLE,,
1.14951E+18,122.8464441,0.017033808,85.08128813,0.019214001,0.738533574,0.019759465,14.803223,0.7769966,,,NOT_AVAILABLE,6091.3667,0.164
1.14952E+18,121.1921092,0.294351984,85.23680097,0.360355411,0.337579661,0.378731672,19.985643,1.834755,,,NOT_AVAILABLE,,
1.14951E+18,122.7642215,0.040797413,85.02554718,0.049748685,1.437068326,0.05037118,16.713045,1.8448,,,NOT_AVAILABLE,3931,1.3253
1.14951E+18,122.7105928,0.018792758,85.036461,0.021547277,0.659162381,0.022134528,15.095618,0.86483383,,,NOT_AVAILABLE,5579,0.3717
1.1495E+18,118.1277805,0.356721114,85.03336286,0.475552415,0.261405088,0.508370771,20.122301,2.0892715,,,NOT_AVAILABLE,,
1.14954E+18,120.5847253,0.720536653,85.50806327,0.843776503,4.418246633,1.060688319,20.717222,1.9875259,,,NOT_AVAILABLE,,
1.14952E+18,122.925315,0.308846621,85.24044975,0.384872502,0.662065051,0.358652235,19.959108,1.7009315,,,NOT_AVAILABLE,,
1.14952E+18,123.1179893,0.064276184,85.1025647,0.077468175,0.574181909,0.07738239,17.53992,1.4360466,,,NOT_AVAILABLE,,
1.14952E+18,123.226684,0.123449729,85.22242096,0.160535586,0.79444024,0.1569443,18.641886,1.8497658,,,NOT_AVAILABLE,,
1.14952E+18,123.2156651,0.795761286,85.17824472,0.908902323,-0.318792885,0.925799025,19.176868,2.7106361,,,NOT_AVAILABLE,,
1.14954E+18,121.5235708,0.233884687,85.30417887,0.276566008,0.212484505,0.292160672,19.668406,1.5148087,,,NOT_AVAILABLE,,
1.14952E+18,121.9870919,0.528939102,85.29423198,0.656720772,1.21179368,0.66430939,20.697155,1.4122391,,,NOT_AVAILABLE,,
1.14952E+18,122.3688041,0.293217276,85.25455314,0.398542822,0.78207511,0.385261445,19.865248,1.880249,,,NOT_AVAILABLE,,
1.14952E+18,122.0698093,0.182812726,85.27321961,0.218228691,0.614900267,0.23211065,19.320847,1.0150776,,,NOT_AVAILABLE,,
1.14951E+18,122.9801909,0.106266177,85.083642,0.115999334,2.211085494,0.122156529,12.571491,0.8329706,42.04598896,0.959751982,NOT_AVAILABLE,5756.533,0.347
1.14952E+18,123.9510674,0.105992648,85.24769994,0.131249764,2.964926457,0.129596175,18.311623,2.6329613,,,NOT_AVAILABLE,,
1.14952E+18,121.1632198,0.621345636,85.12109815,0.73964917,1.022080071,0.800716079,20.749397,1.450943,,,NOT_AVAILABLE,,
1.14953E+18,118.9711119,0.129749281,85.33770732,0.167554167,1.02643933,0.193029056,18.59012,1.9700336,,,NOT_AVAILABLE,,
1.14953E+18,119.6666564,2.327454409,85.34955461,3.491649467,,,21.200026,,,,NOT_AVAILABLE,,
1.1495E+18,116.4872009,0.371489171,85.02797247,0.50317092,0.393537634,0.574577402,20.087244,1.4789677,,,NOT_AVAILABLE,,
1.14954E+18,119.2020065,0.461726398,85.4441192,0.58644279,0.819407574,0.664170836,20.475243,1.9590435,,,NOT_AVAILABLE,,
1.14952E+18,123.0310723,0.133538516,85.22330369,0.175234576,0.957872113,0.164867743,18.792435,2.1437607,,,NOT_AVAILABLE,,
1.14951E+18,122.9587443,0.474712503,85.03496487,0.644950724,1.322717476,0.612417048,20.568632,1.8157272,,,NOT_AVAILABLE,,
1.14952E+18,120.9570881,1.418860324,85.21012858,2.370978934,,,20.950977,1.0071373,,,NOT_AVAILABLE,,
1.14952E+18,121.808422,5.566815574,85.32722764,7.162074257,,,21.27232,,,,NOT_AVAILABLE,,
1.14947E+18,124.378614,0.053933636,85.03078563,0.059369332,1.734082536,0.059966565,17.032003,2.022007,,,NOT_AVAILABLE,3722.75,0.712
1.14954E+18,119.0846264,0.392753477,85.46004054,0.484168597,0.333376279,0.534019627,20.24104,2.0339813,,,NOT_AVAILABLE,,
1.14952E+18,121.769983,0.185640719,85.28025772,0.22527625,0.455886384,0.237362703,19.303333,1.6624088,,,NOT_AVAILABLE,,
1.14954E+18,121.0257984,0.080098439,85.30230951,0.092878344,0.520950278,0.104803269,17.819157,1.1798744,,,NOT_AVAILABLE,,
1.14947E+18,124.686708,0.034135465,85.15717081,0.037616795,1.121254962,0.038240825,16.164734,1.2594557,,,NOT_AVAILABLE,5066.03,0.1095
1.14953E+18,118.8812815,0.461229179,85.28623738,0.578488868,1.966312308,0.636909288,20.415148,1.7774811,,,NOT_AVAILABLE,,
1.14947E+18,124.7654158,0.135268651,85.19356557,0.156229294,-0.067342462,0.154915492,18.58842,0.895916,,,NOT_AVAILABLE,,
1.14953E+18,118.81132,0.085843483,85.32903853,0.115377845,0.026204425,0.123652274,17.95169,0.81526566,,,NOT_AVAILABLE,,
1.14952E+18,122.8313249,0.282804139,85.29555909,0.363990946,0.08237232,0.348010029,19.670275,2.2095833,,,NOT_AVAILABLE,,
1.14947E+18,124.812572,0.209886339,85.19423712,0.263608596,0.299700088,0.244586981,19.188951,0.70682526,,,NOT_AVAILABLE,,
1.14954E+18,120.9264657,0.023415919,85.31888812,0.026545267,1.232930093,0.029688831,15.272181,1.1163378,,,NOT_AVAILABLE,4961,0.266
1.14947E+18,124.7714524,0.072794355,85.16848162,0.091339949,0.258393993,0.085156059,17.67583,0.9077015,,,NOT_AVAILABLE,,
1.14952E+18,122.917948,0.011989873,85.12962611,0.013029842,1.394778384,0.013690627,13.326524,0.84794426,,,NOT_AVAILABLE,5765.75,0.35
1.1495E+18,118.0440988,0.249772019,85.00387607,0.352640535,1.867660564,0.377040676,19.375633,2.800993,,,NOT_AVAILABLE,,
1.14952E+18,123.866232,0.524141832,85.14606758,0.740419739,2.148723631,0.674111509,20.627048,1.6984863,,,NOT_AVAILABLE,,
1.14951E+18,120.7859216,0.179916042,85.00932341,0.239611828,0.249179344,0.256741245,19.218884,1.4069843,,,NOT_AVAILABLE,,
1.14946E+18,127.075849,1.471393675,85.02354289,1.742775963,,,20.759218,1.8379841,,,NOT_AVAILABLE,,
1.14947E+18,124.5654023,0.075699475,85.02616159,0.083822356,0.562065209,0.083786159,17.530748,1.3495216,,,NOT_AVAILABLE,,
1.14954E+18,120.6424971,0.203752722,85.32310369,0.237443357,1.008129377,0.265052107,19.140894,1.9399567,,,NOT_AVAILABLE,,
1.14953E+18,118.6468613,0.958192983,85.23430116,1.668298331,1.07504215,1.028154814,20.85721,0.7628403,,,NOT_AVAILABLE,,
1.14947E+18,124.6395243,0.039316618,85.06165679,0.043452209,0.443389624,0.043036267,16.438883,0.9814472,,,NOT_AVAILABLE,5332,0.549
1.14952E+18,124.0427222,0.406413125,85.18887871,0.541429143,1.228557623,0.480891622,20.196255,2.38311,,,NOT_AVAILABLE,,
1.14952E+18,122.2388232,0.082491199,85.27770889,0.093787701,0.928653816,0.101948237,17.996588,1.716404,,,NOT_AVAILABLE,,
1.14952E+18,123.3283702,0.048327771,85.12409351,0.057236482,0.148108947,0.057765438,16.98685,0.84256935,,,NOT_AVAILABLE,5628,
1.14951E+18,120.5295097,0.15998639,85.09722187,0.195542167,0.909949976,0.209526431,19.065138,2.1302814,,,NOT_AVAILABLE,,
1.14951E+18,121.2029773,0.21702374,85.05475593,0.280435727,0.431256683,0.31043343,19.461237,1.572712,,,NOT_AVAILABLE,,
1.14953E+18,117.9279735,0.462214368,85.24128349,0.647530533,-0.719358025,0.689642046,20.08775,1.7081299,,,NOT_AVAILABLE,,
1.14951E+18,118.0905966,0.191330602,85.17421117,0.26807628,-0.059247769,0.287472567,19.220518,0.88365936,,,NOT_AVAILABLE,,
1.14951E+18,123.1079227,0.041521735,85.08361078,0.048782735,0.239575753,0.049333847,16.68603,0.8569603,,,NOT_AVAILABLE,5745,
1.14951E+18,120.5099317,0.416872209,85.10524019,0.526817049,-1.701880982,0.551106162,19.270035,2.20047,,,NOT_AVAILABLE,,
1.14951E+18,118.6209373,0.163701918,85.16798065,0.217163576,1.766764806,0.21886878,18.846088,2.6334133,,,NOT_AVAILABLE,,
1.14952E+18,123.4597903,0.155944439,85.18856761,0.191980605,0.88107506,0.191657789,18.174217,1.151392,,,NOT_AVAILABLE,,
1.14952E+18,122.3207911,0.145748656,85.28323123,0.184539933,9.32E-04,0.181102574,18.884605,0.71435165,,,NOT_AVAILABLE,,
1.14952E+18,121.7162294,0.231832052,85.16857614,0.279181056,0.75513539,0.297048603,19.67701,1.786356,,,NOT_AVAILABLE,,
1.14953E+18,119.8312413,0.292870042,85.17374207,0.359882854,-0.104762943,0.38496986,19.940607,1.45364,,,NOT_AVAILABLE,,
1.14952E+18,123.9413391,0.296036797,85.21237302,0.373783847,-0.335387788,0.34931371,19.898836,0.6715679,,,NOT_AVAILABLE,,
1.14954E+18,119.7556156,0.016046645,85.52279792,0.01909779,1.56263168,0.02063364,14.455615,1.0265579,,,NOT_AVAILABLE,5296.6533,0.176
1.14947E+18,125.9836833,0.090067635,85.09548186,0.104045067,0.583377619,0.100883548,17.970907,1.3136959,,,NOT_AVAILABLE,,
1.14952E+18,123.3186964,0.084539349,85.06642452,0.102408665,1.039480048,0.102012802,17.980543,1.8643093,,,NOT_AVAILABLE,,
1.14952E+18,120.9714355,0.21540965,85.14243459,0.263607361,1.386328876,0.286465739,19.520618,2.8067436,,,NOT_AVAILABLE,,
1.14951E+18,117.1859698,1.004982658,85.03389039,1.232168189,2.590253412,1.326891523,20.80047,1.5968208,,,NOT_AVAILABLE,,
1.14953E+18,118.8384383,0.665102768,85.2282344,0.906459993,0.812493247,1.031365338,20.730263,1.2335167,,,NOT_AVAILABLE,,
1.14952E+18,123.4364578,0.011930042,85.13007429,0.014869732,1.354892882,0.014508469,13.398555,0.8106766,,,NOT_AVAILABLE,5796,0.3263
1.14952E+18,123.676359,0.240523919,85.17781679,0.303200501,0.925762214,0.292588155,19.565504,1.8982735,,,NOT_AVAILABLE,,
1.14953E+18,120.1618272,3.738721656,85.26139781,11.37518062,,,21.099648,,,,NOT_AVAILABLE,,
1.14952E+18,121.956897,0.161740089,85.28430084,0.19952871,0.160613008,0.203330503,19.016033,0.82901,,,NOT_AVAILABLE,,
1.14952E+18,123.5138941,0.051837315,85.16299209,0.057276622,0.875500004,0.057030007,16.786842,1.4156036,,,NOT_AVAILABLE,4594.5,0.6557
1.14953E+18,118.4014061,0.302315686,85.34161266,0.396337664,0.83161818,0.420162975,19.86545,0.72751045,,,NOT_AVAILABLE,,
1.14947E+18,124.633063,0.022246084,85.01288375,0.02365255,0.505114363,0.023161237,15.07057,1.0478439,,,NOT_AVAILABLE,5798.6504,
1.14947E+18,125.6778367,0.137355384,85.11968376,0.154921637,1.38482516,0.158163775,18.52492,2.6817036,,,NOT_AVAILABLE,,
1.14947E+18,124.8784486,0.287398031,85.12716231,0.391500383,0.281327717,0.345655845,19.903759,1.6874027,,,NOT_AVAILABLE,,
1.14952E+18,120.9275041,0.192183414,85.1578722,0.230901816,1.968013726,0.256133744,19.263912,2.4750423,,,NOT_AVAILABLE,,
1.14953E+18,118.5060526,0.562694324,85.33696016,0.783671835,0.109076725,0.806581294,20.599323,1.9032078,,,NOT_AVAILABLE,,
1.14951E+18,123.0858464,0.21163494,85.03703885,0.270285519,0.660959594,0.258834266,19.35144,1.3819027,,,NOT_AVAILABLE,,
1.14947E+18,124.9459851,0.573224957,85.17446302,0.905379144,2.317423051,0.735115551,20.637917,2.781866,,,NOT_AVAILABLE,,
1.14952E+18,122.1838438,0.617639554,85.17293303,0.782406675,-0.266333375,0.715117252,20.70732,1.3109856,,,NOT_AVAILABLE,,
1.14954E+18,119.0177293,0.339595232,85.45627403,0.437704042,0.899713139,0.488324428,20.099733,2.1401806,,,NOT_AVAILABLE,,
1.14951E+18,123.1596008,0.153369965,85.04544295,0.17999046,1.702606221,0.190120859,14.152294,1.0471706,,,NOT_AVAILABLE,5163.2,
1.14953E+18,119.7352397,1.198645253,85.33203279,1.971984938,,,20.880405,0.7590389,,,NOT_AVAILABLE,,
1.14947E+18,125.5373414,0.195939615,85.08892574,0.259148481,0.155815106,0.233071574,19.17061,1.6709595,,,NOT_AVAILABLE,,
1.14951E+18,123.1661758,0.183099777,85.05077779,0.238786345,0.68006269,0.234260896,19.202005,1.0099239,,,NOT_AVAILABLE,,
1.14952E+18,121.6773374,0.444276603,85.32525662,0.511185198,0.136345458,0.55474168,20.1175,1.6999741,,,NOT_AVAILABLE,,
1.14947E+18,125.1561276,0.063399863,85.08978027,0.074549174,0.321289774,0.073761943,16.883547,1.0179119,,,NOT_AVAILABLE,5183.3047,0.7878
1.14951E+18,120.9075088,0.239692508,85.07432642,0.301265593,1.098152243,0.331291031,19.611814,2.4791756,,,NOT_AVAILABLE,,
1.14952E+18,123.4523677,0.175498369,85.1318135,0.218985857,-0.12090127,0.211295326,19.143707,0.8875599,,,NOT_AVAILABLE,,
1.14947E+18,126.224153,0.244476167,85.0739676,0.272563993,-0.568671709,0.254651706,19.460474,1.2915878,,,NOT_AVAILABLE,,
1.1495E+18,117.09749,0.51583417,85.02943761,0.518450813,-0.053156336,0.645458764,20.29497,1.5728874,,,NOT_AVAILABLE,,
1.14946E+18,126.8862589,0.338586532,85.00193134,0.447883297,0.202529755,0.410304319,20.015453,1.1205692,,,NOT_AVAILABLE,,
1.14951E+18,122.0424349,0.030104044,85.08555383,0.029971038,1.854224219,0.034259381,13.11492,0.90442467,-14.50254304,9.948500563,NOT_AVAILABLE,5378.355,0.3375
1.14954E+18,120.2144478,0.117649207,85.33695831,0.143921153,1.082121143,0.162745397,18.515503,1.88797,,,NOT_AVAILABLE,,
1.14952E+18,123.7230988,0.07183816,85.30312112,0.087006648,0.122280503,0.087313552,17.654406,0.78855133,,,NOT_AVAILABLE,,
1.14947E+18,125.906633,0.093042188,85.08447602,0.101274736,0.348290435,0.098655664,17.914213,0.9093113,,,NOT_AVAILABLE,,
1.14952E+18,123.3516788,0.015226827,85.21609891,0.016656097,1.615349171,0.01687704,13.007169,0.7384443,,,NOT_AVAILABLE,6250,0.2397
1.14947E+18,125.3305036,0.048719889,85.10549318,0.057158585,0.757227717,0.052919599,16.768652,1.2585716,,,NOT_AVAILABLE,4875.683,
1.14951E+18,121.148219,4.091974696,85.08912636,2.335539586,,,20.950787,2.03413,,,NOT_AVAILABLE,,
1.14953E+18,119.8040786,0.09088699,85.34950495,0.114729725,1.289187303,0.128005713,18.179262,2.1715584,,,NOT_AVAILABLE,,
1.14952E+18,123.2161215,0.253035828,85.24066472,0.342129359,0.193497421,0.307362199,19.740513,1.4177742,,,NOT_AVAILABLE,,
1.14949E+18,120.1632978,0.611916214,85.04602601,0.706453705,1.09818287,0.744317381,20.617414,1.1350422,,,NOT_AVAILABLE,,
1.14951E+18,120.4055131,0.219417723,85.06159107,0.282437191,3.697569338,0.3017986,19.56314,2.996357,,,NOT_AVAILABLE,,
1.14947E+18,124.2585432,0.02866995,85.13466068,0.033903848,0.592830859,0.032142773,15.883024,0.9360647,,,NOT_AVAILABLE,5427,0.437
1.14952E+18,123.954435,0.046456551,85.29265433,0.053961887,0.547658288,0.053634571,16.892506,1.092083,,,NOT_AVAILABLE,4859.803,0.2715
1.14947E+18,125.9872789,0.013268443,85.10084147,0.012553006,4.598552663,0.01311318,13.255222,1.6001387,-21.59041303,1.220372403,NOT_AVAILABLE,4366,
1.14947E+18,125.2374581,0.60168007,85.1553259,0.81207765,0.221396382,0.641301532,20.624264,2.0006676,,,NOT_AVAILABLE,,
1.14946E+18,126.5811729,0.492478311,85.02843584,0.659328446,0.574980354,0.554553513,20.296757,1.2308254,,,NOT_AVAILABLE,,
1.14952E+18,122.1391332,0.048084646,85.1598499,0.053792135,0.88027637,0.057589306,16.934992,1.3599281,,,NOT_AVAILABLE,4779,0.274
1.14947E+18,124.0358022,0.449368114,85.09737276,0.57402646,0.280314426,0.518694203,20.252317,1.0125732,,,NOT_AVAILABLE,,
1.14954E+18,120.8516793,0.149650949,85.32298304,0.174776595,0.308319439,0.198356111,18.872349,1.474102,,,NOT_AVAILABLE,,
1.14954E+18,121.7890787,0.425217125,85.45029888,0.511782571,0.936502447,0.552283567,20.236536,2.0910873,,,NOT_AVAILABLE,,
1.14953E+18,118.468937,0.019087683,85.30520462,0.026496256,8.383548287,0.026920999,12.748871,1.5296822,-11.48347431,1.498153552,NOT_AVAILABLE,4348,0.293
1.14952E+18,121.7976136,0.170676481,85.33041725,0.193849778,1.253129852,0.20291373,18.952782,2.1178398,,,NOT_AVAILABLE,,
1.14951E+18,120.4261792,0.224318006,85.03626582,0.300416438,1.139074873,0.328374111,19.462078,1.9536686,,,NOT_AVAILABLE,,
1.14952E+18,122.941416,0.241733536,85.19478689,0.316697221,0.409855144,0.300348911,19.68693,1.9305477,,,NOT_AVAILABLE,,
1.14947E+18,124.1754008,0.021812438,85.12691723,0.024906845,1.037351525,0.023698387,15.136967,0.97415257,,,NOT_AVAILABLE,5343,0.1237
1.14947E+18,125.172746,0.227983374,85.19233976,0.290106025,2.234417319,0.26815586,19.501968,2.609808,,,NOT_AVAILABLE,,
1.14947E+18,123.8205854,0.338554939,85.10877511,0.468754599,0.058373954,0.414266627,20.068165,0.63067436,,,NOT_AVAILABLE,,
1.14952E+18,122.0608338,0.712660257,85.20415657,1.024463476,0.655838934,0.952475907,20.786512,1.3742218,,,NOT_AVAILABLE,,
1.14952E+18,123.3221615,0.091307809,85.14121354,0.105714913,0.785385958,0.108597002,15.83535,1.1864262,,,NOT_AVAILABLE,4908,0.8087
1.14947E+18,123.902257,1.927582128,85.01971809,2.740089559,,,21.14044,,,,NOT_AVAILABLE,,
1.14952E+18,124.4634764,0.233567356,85.23290547,0.311518424,0.641846662,0.283978615,19.504974,1.6783028,,,NOT_AVAILABLE,,
1.14952E+18,121.7755227,0.449511761,85.25253437,0.547216275,0.927888984,0.55005004,20.492828,1.7431049,,,NOT_AVAILABLE,,
1.14953E+18,120.2849168,0.26640443,85.13442225,0.326925359,1.009565343,0.348054017,19.665737,1.7824326,,,NOT_AVAILABLE,,
1.14947E+18,125.2137649,0.278675716,85.17915829,0.332150179,0.56839646,0.307098479,19.63952,0.87636375,,,NOT_AVAILABLE,,
1.14947E+18,125.6516498,0.263056043,85.12928674,0.317353923,-0.064899584,0.292974816,19.564007,0.83255005,,,NOT_AVAILABLE,,
1.14952E+18,123.2964389,0.052659646,85.11793589,0.062383129,3.512173277,0.06250688,16.940931,2.408862,,,NOT_AVAILABLE,3431.25,0.055
1.14954E+18,121.2023528,0.159077151,85.33425491,0.174931139,0.549847878,0.214270326,18.861328,1.7826977,,,NOT_AVAILABLE,,
1.1495E+18,117.2712393,0.805975668,85.00172021,1.047677543,0.062578362,0.986727815,20.781807,1.5552807,,,NOT_AVAILABLE,,
1.14951E+18,121.3881891,0.96806379,85.05814021,1.407708295,0.363009628,1.219259943,20.839283,2.6520653,,,NOT_AVAILABLE,,
1.14947E+18,125.7636394,0.136263353,85.12950892,0.160284952,0.269422853,0.15806072,18.457884,0.9376335,,,NOT_AVAILABLE,,
1.1495E+18,117.3640622,0.054201405,85.00905177,0.072679781,0.373851045,0.074476634,17.265997,0.87517166,,,NOT_AVAILABLE,,
1.14952E+18,122.4988764,0.229245814,85.23535471,0.301792994,0.201360832,0.279431441,19.561003,0.80781174,,,NOT_AVAILABLE,,
1.14947E+18,125.6107901,0.171469277,85.14380142,0.22079954,0.529962573,0.204752017,19.12615,1.8494148,,,NOT_AVAILABLE,,
1.14953E+18,122.5889691,0.225043749,85.37083095,0.28491641,1.09457966,0.282879235,19.34385,2.9153824,,,NOT_AVAILABLE,,
1.14947E+18,124.6116067,0.014478864,85.19438103,0.016472899,2.303211846,0.016162528,13.956702,1.103364,,,NOT_AVAILABLE,4965.82,0.24
1.14953E+18,119.5891139,0.228068494,85.23989178,0.287991035,0.226872823,0.307988671,19.494984,2.0759258,,,NOT_AVAILABLE,,
1.14951E+18,122.0318411,0.02078149,85.02761661,0.022270835,0.483613674,0.024786039,15.234829,0.9209738,,,NOT_AVAILABLE,5415.717,
1.14952E+18,123.8016212,0.314008222,85.28217464,0.424870945,0.831276385,0.378045921,20.031229,0.9009342,,,NOT_AVAILABLE,,
1.14951E+18,121.9871966,0.027583181,85.04357052,0.029439546,2.381870358,0.032584675,15.855965,1.6790218,,,NOT_AVAILABLE,4220,0.153
1.14953E+18,119.268023,3.261067459,85.38238277,4.866403505,,,21.236626,,,,NOT_AVAILABLE,,
1.14952E+18,120.9311312,0.597904357,85.13104692,0.842241531,0.325377412,0.812781924,20.61915,1.827774,,,NOT_AVAILABLE,,
1.14947E+18,124.5259046,0.012317784,85.16857211,0.014498629,0.834953616,0.01434223,13.390695,1.1174364,,,NOT_AVAILABLE,5002,
1.14954E+18,120.3711103,0.109856068,85.34093555,0.141070343,0.713134322,0.153910196,18.424398,1.8717175,,,NOT_AVAILABLE,,
1.14952E+18,122.4902152,0.146190504,85.19417689,0.188397299,1.47959571,0.187191322,18.816252,2.4512444,,,NOT_AVAILABLE,,
1.14951E+18,121.9936344,0.228508482,85.01156914,0.280239189,-0.127884713,0.307331283,19.625767,1.0753632,,,NOT_AVAILABLE,,
1.14947E+18,125.1283136,0.370622711,85.04522592,0.460275263,-0.62644482,0.395425895,20.005201,0.7559929,,,NOT_AVAILABLE,,
1.14947E+18,125.307255,0.129771381,85.1764875,0.165854129,1.438514674,0.154081137,18.658913,2.0637836,,,NOT_AVAILABLE,,
1.14947E+18,124.3826177,0.084766647,85.05070704,0.092254733,0.46592795,0.089445908,17.738628,1.0335369,,,NOT_AVAILABLE,,
1.14947E+18,124.521251,1.474829715,85.16418835,1.924542535,,,19.998886,1.6910152,,,NOT_AVAILABLE,,
1.14954E+18,120.5689263,0.185899725,85.34011963,0.224197708,0.686789417,0.248870732,19.2542,1.8108788,,,NOT_AVAILABLE,,
